INSERT INTO builders (address)
VALUES ('Симоненка 3'),
       ('Стуса 6'),
       ('Сковороди 9');

INSERT INTO apartments (number, area)
VALUES (1, 32),
       (2, 58),
       (3, 64),
       (4, 72),
       (5, 32),
       (6, 58),
       (7, 64),
       (8, 72),
       (9, 32),
       (10, 58),
       (11, 64),
       (12, 72),
       (13, 32),
       (14, 58),
       (15, 64),
       (16, 72),
       (17, 32),
       (18, 58),
       (19, 64),
       (20, 72),
       (21, 32),
       (22, 58),
       (23, 64),
       (24, 72),
       (25, 32),
       (26, 58),
       (27, 64),
       (28, 72),
       (29, 32),
       (30, 58),
       (31, 64),
       (32, 72),
       (33, 32),
       (34, 58),
       (35, 64),
       (36, 72);

INSERT INTO builders_to_apartments (builder_id, apartment_id)
VALUES (1, 1),
       (1, 2),
       (1, 3),
       (1, 4),
       (1, 5),
       (1, 6),
       (1, 7),
       (1, 8),
       (1, 9),
       (1, 10),
       (1, 11),
       (1, 12),
       (1, 13),
       (1, 14),
       (1, 15),
       (1, 16),
       (1, 17),
       (1, 18),
       (1, 19),
       (1, 20),
       (1, 21),
       (1, 22),
       (1, 23),
       (1, 24),
       (1, 25),
       (1, 26),
       (1, 27),
       (1, 28),
       (1, 29),
       (1, 30),
       (1, 31),
       (1, 32),
       (1, 33),
       (1, 34),
       (1, 35),
       (1, 36),
       (2, 1),
       (2, 2),
       (2, 3),
       (2, 4),
       (2, 5),
       (2, 6),
       (2, 7),
       (2, 8),
       (2, 9),
       (2, 10),
       (2, 11),
       (2, 12),
       (2, 13),
       (2, 14),
       (2, 15),
       (2, 16),
       (2, 17),
       (2, 18),
       (2, 19),
       (2, 20),
       (2, 21),
       (2, 22),
       (2, 23),
       (2, 24),
       (2, 25),
       (2, 26),
       (2, 27),
       (2, 28),
       (2, 29),
       (2, 30),
       (2, 31),
       (2, 32),
       (2, 33),
       (2, 34),
       (2, 35),
       (2, 36),
       (3, 1),
       (3, 2),
       (3, 3),
       (3, 4),
       (3, 5),
       (3, 6),
       (3, 7),
       (3, 8),
       (3, 9),
       (3, 10),
       (3, 11),
       (3, 12),
       (3, 13),
       (3, 14),
       (3, 15),
       (3, 16),
       (3, 17),
       (3, 18),
       (3, 19),
       (3, 20),
       (3, 21),
       (3, 22),
       (3, 23),
       (3, 24),
       (3, 25),
       (3, 26),
       (3, 27),
       (3, 28),
       (3, 29),
       (3, 30),
       (3, 31),
       (3, 32),
       (3, 33),
       (3, 34),
       (3, 35),
       (3, 36);

INSERT INTO participants_OSBB (id, name)
VALUES (1, 'Керівництво'),
       (2, 'Фінансовий контроллер'),
       (3, 'технічний комітет'),
       (4, 'Правовий комітет'),
       (5, 'Аудитор');

INSERT INTO residents (name, sname, email, drive_into_the_territory, participant_OSBB_id)
VALUES ("Іван", "Петрович", "ivan.petrovich@email.com", 0, 5),
       ("Марія", "Сидорова", "maria.sidorova@email.com", 1, 4),
       ("Олександр", "Іванов", "oleksandr.ivanov@email.com", 1, 4),
       ("Ольга", "Михайлівна", "olga.mikhaylivna@email.com", 0, 1),
       ("Андрій", "Павлов", "andrii.pavlov@email.com", 1, 3),
       ("Наталія", "Федорова", "natalia.fedorova@email.com", 0, 4),
       ("Сергій", "Олексійович", "serhii.oleksiyovich@email.com", 1, 4),
       ("Тетяна", "Дмитрівна", "tetiana.dmytrivna@email.com", 1, 2),
       ("Петро", "Ігорович", "petro.igorovich@email.com", 0, 4),
       ("Анна", "Ярославна", "anna.yaroslavna@email.com", 0, 1),
       ("Володимир", "Володимирович", "volodymyr.volodymyrovych@email.com", 1, 1),
       ("Людмила", "Олегівна", "lyudmyla.olegivna@email.com", 0, 5),
       ("Григорій", "Васильович", "hryhoriy.vasyllovych@email.com", 0, 3),
       ("Тамара", "Миколаївна", "tamara.mykolaivna@email.com", 1, 2),
       ("Дмитро", "Петров", "dmytro.petrov@email.com", 1, 5),
       ("Оксана", "Вікторівна", "oksana.viktorivna@email.com", 1, 5),
       ("Ігор", "Андрійович", "ihor.andriyovich@email.com", 1, 3),
       ("Олена", "Григорівна", "olena.hryhorivna@email.com", 0, 3),
       ("Віталій", "Сергійович", "vitaliy.serhiyovich@email.com", 0, 2),
       ("Марина", "Олександрівна", "marina.oleksandrivna@email.com", 1, 1),
       ("Василь", "Якович", "vasyl.yakovych@email.com", 1, 5),
       ("Ірина", "Анатоліївна", "iryna.anatoliyivna@email.com", 0, 3),
       ("Роман", "Валентинович", "roman.valentinovich@email.com", 1, 3),
       ("Оксана", "Павлівна", "oksana.pavlivna@email.com", 0, 3),
       ("Михайло", "Іванов", "mykhailo.ivanov@email.com", 0, 2),
       ("Юлія", "Олегівна", "yulia.olegivna@email.com", 1, 5),
       ("Артем", "Максимович", "artem.maxymovych@email.com", 1, 4),
       ("Олена", "Ігорівна", "olena.igorivna@email.com", 0, 2),
       ("Владислав", "Денисович", "vladyslav.denysovych@email.com", 1, 1),
       ("Світлана", "Петрівна", "svitlana.petrivna@email.com", 1, 5),
       ("Андрій", "Олександрович", "andrii.oleksandrovych@email.com", 1, 4),
       ("Тетяна", "Андріївна", "tetiana.andriyivna@email.com", 0, 4),
       ("Іванна", "Володимирівна", "ivanna.volodymyrivna@email.com", 0, 1),
       ("Максим", "Юрійович", "maksym.yuriyovich@email.com", 0, 5),
       ("Олена", "Михайлівна", "olena.mikhaylivna@email.com", 0, 5),
       ("Павло", "Володимирович", "pavlo.volodymyrovych@email.com", 1, 4),
       ("Ірина", "Сергіївна", "iryna.serhiyivna@email.com", 0, 3),
       ("Ярослав", "Миколайович", "yaroslav.mykolayovych@email.com", 1, 4),
       ("Катерина", "Олександрівна", "kateryna.oleksandrivna@email.com", 0, 1),
       ("Денис", "Олегович", "denys.olegovych@email.com", 1, 5),
       ("Анастасія", "Андріївна", "anastasiya.andriyivna@email.com", 0, 5),
       ("Віктор", "Вікторович", "viktor.viktorovych@email.com", 0, 4),
       ("Маргарита", "Ігорівна", "margaryta.igorivna@email.com", 1, 1),
       ("Олексій", "Анатолійович", "oleksiy.anatoliyovych@email.com", 1, 5),
       ("Альона", "Денисівна", "aliona.denisivna@email.com", 0, 2),
       ("Ігор", "Олександрович", "ihor.oleksandrovych@email.com", 0, 2),
       ("Валентина", "Георгіївна", "valentina.heorhiyivna@email.com", 1, 3),
       ("Артур", "Сергійович", "artur.serhiyovych@email.com", 0, 1),
       ("Вікторія", "Олегівна", "viktoriya.olegivna@email.com", 0, 3),
       ("Олег", "Андрійович", "oleg.andriyovich@email.com", 1, 2),
       ("Тамара", "Павлівна", "tamara.pavlivna@email.com", 0, 2),
       ("Євген", "Вікторович", "yevhen.viktorovych@email.com", 1, 2),
       ("Людмила", "Василівна", "lyudmyla.vasylivna@email.com", 0, 3),
       ("Євгенія", "Ігорівна", "yevgeniya.igorivna@email.com", 0, 3),
       ("Віталіна", "Денисівна", "vitalina.denisivna@email.com", 1, 2),
       ("Артем", "Ярославович", "artem.yaroslavovych@email.com", 1, 5),
       ("Ганна", "Миколаївна", "hanna.mykolaivna@email.com", 1, 2),
       ("Миколай", "Петрович", "mykolay.petrovich@email.com", 0, 2),
       ("Оксана", "Іванівна", "oksana.ivanivna@email.com", 1, 5),
       ("Вадим", "Васильович", "vadim.vasyllovych@email.com", 0, 2),
       ("Юлія", "Олександрівна", "yulia.oleksandrivna@email.com", 0, 3),
       ("Валентин", "Вікторович", "valentin.viktorovych@email.com", 1, 4),
       ("Антоніна", "Сергіївна", "antonina.serhiyivna@email.com", 1, 2),
       ("Андрій", "Миколайович", "andrii.mykolayovych@email.com", 1, 3),
       ("Лариса", "Іванівна", "larisa.ivanivna@email.com", 1, 2),
       ("Віктор", "Ігорович", "viktor.igorovich@email.com", 1, 5),
       ("Ольга", "Ярославівна", "olga.yaroslavivna@email.com", 1, 1),
       ("Руслан", "Павлович", "ruslan.pavlovich@email.com", 0, 1),
       ("Олена", "Василівна", "olena.vasylivna@email.com", 1, 1),
       ("Ірина", "Геннадіївна", "iryna.hennadiyivna@email.com", 1, 3),
       ("Геннадій", "Миколайович", "hennadiy.mykolayovych@email.com", 0, 3),
       ("Надія", "Валентинівна", "nadiya.valentynivna@email.com", 0, 2),
       ("Володимир", "Артемович", "volodymyr.artemovych@email.com", 0, 2),
       ("Софія", "Іванівна", "sofia.ivanivna@email.com", 1, 3),
       ("Олег", "Валентинович", "oleg.valentinovych@email.com", 1, 5),
       ("Єлизавета", "Сергіївна", "yelizaveta.serhiyivna@email.com", 1, 2),
       ("Вадим", "Андрійович", "vadim.andriyovych@email.com", 0, 5),
       ("Тетяна", "Олегівна", "tetiana.olegivna@email.com", 1, 3),
       ("Валерій", "Григорович", "valeriy.hryhorovych@email.com", 1, 1),
       ("Аліна", "Олексіївна", "alina.oleksiyivna@email.com", 0, 3),
       ("Роман", "Анатолійович", "roman.anatoliyovych@email.com", 1, 2),
       ("Оксана", "Вікторівна", "oksana.viktorivna@email.com", 0, 2),
       ("Максим", "Георгійович", "maksym.heorhiyovych@email.com", 0, 1),
       ("Вікторія", "Ігорівна", "viktoriya.igorivna@email.com", 0, 1),
       ("Олег", "Петрович", "oleg.petrovich@email.com", 1, 1),
       ("Анна", "Денисівна", "anna.denisivna@email.com", 0, 4),
       ("Юрій", "Олександрович", "yuriy.oleksandrovych@email.com", 0, 1),
       ("Світлана", "Іванівна", "svitlana.ivanivna@email.com", 1, 1),
       ("Марія", "Володимирівна", "maria.volodymyrivna@email.com", 1, 3),
       ("Павло", "Ігорович", "pavlo.igorovich@email.com", 1, 2),
       ("Тамара", "Михайлівна", "tamara.mikhaylivna@email.com", 0, 3),
       ("Євген", "Андрійович", "yevhen.andriyovych@email.com", 1, 5),
       ("Ганна", "Василівна", "hanna.vasylivna@email.com", 1, 3),
       ("Микола", "Григорович", "mykola.hryhorovych@email.com", 0, 5),
       ("Валентина", "Олегівна", "valentina.olegivna@email.com", 1, 5),
       ("Андрій", "Валентинович", "andrii.valentinovych@email.com", 1, 1),
       ("Ольга", "Артемівна", "olga.artemivna@email.com", 0, 4),
       ("Віктор", "Михайлович", "viktor.mikhaylovych@email.com", 1, 5),
       ("Анастасія", "Геннадіївна", "anastasiya.hennadiyivna@email.com", 0, 5),
       ("Анатолій", "Васильович", "anatoliy.vasyllovych@email.com", 1, 3);

INSERT INTO property_rights (id, property_right)
VALUES (1, 'Повна власність'),
       (2, 'Спільна власність'),
       (3, 'Оренда'),
       (4, 'Право спадкування'),
       (5, 'Право обміну чи продажу');

INSERT INTO residents_to_apartments (id, resident_id, apartment_id)
VALUES (1, 1, 11),
       (2, 2, 32),
       (3, 3, 7),
       (4, 4, 30),
       (5, 5, 12),
       (6, 6, 9),
       (7, 7, 16),
       (8, 8, 7),
       (9, 9, 20),
       (10, 10, 13),
       (11, 11, 20),
       (12, 12, 35),
       (13, 13, 35),
       (14, 14, 1),
       (15, 15, 34),
       (16, 16, 28),
       (17, 17, 10),
       (18, 18, 29),
       (19, 19, 22),
       (20, 20, 27),
       (21, 21, 12),
       (22, 22, 23),
       (23, 23, 36),
       (24, 24, 16),
       (25, 25, 14),
       (26, 26, 31),
       (27, 27, 17),
       (28, 28, 32),
       (29, 29, 4),
       (30, 30, 25),
       (31, 31, 27),
       (32, 32, 3),
       (33, 33, 1),
       (34, 34, 19),
       (35, 35, 22),
       (36, 36, 16),
       (37, 37, 21),
       (38, 38, 12),
       (39, 39, 36),
       (40, 40, 18),
       (41, 41, 32),
       (42, 42, 14),
       (43, 43, 7),
       (44, 44, 36),
       (45, 45, 26),
       (46, 46, 33),
       (47, 47, 30),
       (48, 48, 21),
       (49, 49, 9),
       (50, 50, 14),
       (51, 51, 36),
       (52, 52, 7),
       (53, 53, 19),
       (54, 54, 23),
       (55, 55, 29),
       (56, 56, 10),
       (57, 57, 32),
       (58, 58, 20),
       (59, 59, 14),
       (60, 60, 18),
       (61, 61, 29),
       (62, 62, 19),
       (63, 63, 13),
       (64, 64, 2),
       (65, 65, 19),
       (66, 66, 17),
       (67, 67, 20),
       (68, 68, 19),
       (69, 69, 11),
       (70, 70, 30),
       (71, 71, 7),
       (72, 72, 21),
       (73, 73, 36),
       (74, 74, 28),
       (75, 75, 13),
       (76, 76, 36),
       (77, 77, 15),
       (78, 78, 31),
       (79, 79, 15),
       (80, 80, 15),
       (81, 81, 31),
       (82, 82, 19),
       (83, 83, 3),
       (84, 84, 26),
       (85, 85, 32),
       (86, 86, 8),
       (87, 87, 31),
       (88, 88, 11),
       (89, 89, 13),
       (90, 90, 11),
       (91, 91, 15),
       (92, 92, 33),
       (93, 93, 6),
       (94, 94, 15),
       (95, 95, 2),
       (96, 96, 4),
       (97, 97, 22),
       (98, 98, 27),
       (99, 99, 5),
       (100, 100, 20);


INSERT INTO property_rights_to_residents (id, resident_id, property_right_id)
VALUES (1, 1, 1),
       (2, 2, 4),
       (3, 3, 3),
       (4, 4, 1),
       (5, 5, 1),
       (6, 6, 1),
       (7, 7, 2),
       (8, 8, 5),
       (9, 9, 3),
       (10, 10, 3),
       (11, 11, 4),
       (12, 12, 2),
       (13, 13, 3),
       (14, 14, 4),
       (15, 15, 5),
       (16, 16, 5),
       (17, 17, 2),
       (18, 18, 4),
       (19, 19, 2),
       (20, 20, 4),
       (21, 21, 4),
       (22, 22, 1),
       (23, 23, 2),
       (24, 24, 1),
       (25, 25, 2),
       (26, 26, 3),
       (27, 27, 2),
       (28, 28, 5),
       (29, 29, 5),
       (30, 30, 4),
       (31, 31, 1),
       (32, 32, 4),
       (33, 33, 5),
       (34, 34, 2),
       (35, 35, 5),
       (36, 36, 2),
       (37, 37, 2),
       (38, 38, 2),
       (39, 39, 5),
       (40, 40, 2),
       (41, 41, 1),
       (42, 42, 1),
       (43, 43, 2),
       (44, 44, 5),
       (45, 45, 4),
       (46, 46, 4),
       (47, 47, 4),
       (48, 48, 5),
       (49, 49, 1),
       (50, 50, 2),
       (51, 51, 2),
       (52, 52, 4),
       (53, 53, 3),
       (54, 54, 1),
       (55, 55, 2),
       (56, 56, 3),
       (57, 57, 2),
       (58, 58, 2),
       (59, 59, 4),
       (60, 60, 1),
       (61, 61, 3),
       (62, 62, 2),
       (63, 63, 5),
       (64, 64, 2),
       (65, 65, 5),
       (66, 66, 5),
       (67, 67, 5),
       (68, 68, 1),
       (69, 69, 1),
       (70, 70, 5),
       (71, 71, 5),
       (72, 72, 4),
       (73, 73, 3),
       (74, 74, 2),
       (75, 75, 2),
       (76, 76, 4),
       (77, 77, 1),
       (78, 78, 3),
       (79, 79, 2),
       (80, 80, 4),
       (81, 81, 4),
       (82, 82, 2),
       (83, 83, 4),
       (84, 84, 3),
       (85, 85, 5),
       (86, 86, 4),
       (87, 87, 5),
       (88, 88, 1),
       (89, 89, 5),
       (90, 90, 3),
       (91, 91, 5),
       (92, 92, 2),
       (93, 93, 2),
       (94, 94, 2),
       (95, 95, 5),
       (96, 96, 1),
       (97, 97, 5),
       (98, 98, 2),
       (99, 99, 5),
       (100, 100, 3);

INSERT INTO participant_to_apartments (id, apartment_id, participant_OSBB_id)
VALUES (1, 1, 1),
       (2, 2, 4),
       (3, 3, 2),
       (4, 4, 4),
       (5, 5, 3),
       (6, 6, 5),
       (7, 7, 5),
       (8, 8, 4),
       (9, 9, 4),
       (10, 10, 5),
       (11, 11, 4),
       (12, 12, 1),
       (13, 13, 1),
       (14, 14, 4),
       (15, 15, 2),
       (16, 16, 4),
       (17, 17, 1),
       (18, 18, 4),
       (19, 19, 3),
       (20, 20, 2),
       (21, 21, 5),
       (22, 22, 3),
       (23, 23, 2),
       (24, 24, 5),
       (25, 25, 5),
       (26, 26, 1),
       (27, 27, 4),
       (28, 28, 2),
       (29, 29, 2),
       (30, 30, 4),
       (31, 31, 4),
       (32, 32, 5),
       (33, 33, 2),
       (34, 34, 5),
       (35, 35, 1),
       (36, 36, 3);
